日期,商品名,门店所在城市,门店名称,门店id,商品销量,销量占比,商品销售额,销售额占比,商品好评数,商品差评数,订单交易额,带来订单量,下单人数
20260910,煮小酥肉,重庆,耙三样.耙牛肉,34081552,1,0.25,8.6,0.1178,0,0,83.8,1,1
20260910,来点辣椒?吗,重庆,耙三样.耙牛肉,34081552,1,0.25,0.0,0.0,0,0,83.8,1,1
20260910,黑豆腐,重庆,耙三样.耙牛肉,34081552,1,0.25,5.6,0.0767,0,0,83.8,1,1
20260910,【超豪华】耙牛肉套餐（有米饭哦）,重庆,耙三样.耙牛肉,34081552,1,0.25,58.8,0.8055,0,0,83.8,1,1
20260912,耙肥肠,重庆,耙三样.耙牛肉,34081552,1,0.1667,49.6,0.3416,0,0,62.7,1,1
20260912,来点辣椒?吗,重庆,耙三样.耙牛肉,34081552,3,0.5,0.0,0.0,0,0,174.1,3,3
20260912,【超豪华】耙牛肉套餐（有米饭哦）,重庆,耙三样.耙牛肉,34081552,1,0.1667,48.8,0.3361,0,0,55.8,1,1
20260912,【超实惠】耙牛筋套餐（含米饭）,重庆,耙三样.耙牛肉,34081552,1,0.1667,46.8,0.3223,0,0,55.6,1,1
20260913,加个油碟,重庆,耙三样.耙牛肉,34081552,1,0.5,3.0,0.0579,0,0,58.1,1,1
20260913,【超豪华】耙牛肉套餐（有米饭哦）,重庆,耙三样.耙牛肉,34081552,1,0.5,48.8,0.9421,0,0,58.1,1,1
